city,lat,lon,temp,humidity,cloudiness,wind speed
tautira,-17.73,-149.15,84.2,54,20,2.24
busselton,-33.65,115.33,58.32,47,11,11.7
kapaa,22.08,-159.32,82.58,66,75,12.75
riohacha,11.54,-72.91,82.51,78,3,11.92
kathu,7.92,98.33,81.05,94,75,3.36
yellowknife,62.46,-114.35,52.41,71,75,10.29
whitehorse,60.72,-135.05,50.0,76,75,3.36
ahipara,-35.17,173.17,61.12,66,16,8.08
norman wells,65.28,-126.83,51.8,62,90,9.17
georgetown,5.41,100.34,84.96,74,20,3.36
mataura,-46.19,168.86,52.25,64,100,11.07
kampene,-3.6,26.67,67.71,93,39,1.95
ponta do sol,32.67,-17.1,72.0,65,40,10.29
karlstad,59.38,13.5,50.54,93,91,6.93
yaan,7.38,8.57,70.93,97,100,5.17
longyearbyen,78.22,15.64,33.8,90,75,2.24
vaini,-21.2,-175.2,78.8,78,75,10.29
hasaki,35.73,140.83,94.28,67,40,9.17
chuy,-33.7,-53.46,57.7,95,79,4.7
fatehpur,25.93,80.8,78.57,83,98,12.21
bluff,-46.6,168.33,52.12,75,89,34.14
saint-philippe,-21.36,55.77,63.43,68,41,9.17
sitka,57.05,-135.33,57.2,71,75,6.93
port alfred,-33.59,26.89,55.58,67,0,9.98
punta arenas,-53.15,-70.92,30.09,68,57,13.87
rikitea,-23.12,-134.97,69.51,65,0,5.48
prykolotne,50.16,37.35,54.34,97,2,7.02
buraydah,26.33,43.98,80.6,32,35,4.7
college,64.86,-147.8,58.71,63,75,3.36
bambous virieux,-20.34,57.76,69.42,83,40,9.17
nikolskoye,59.7,30.79,53.53,87,20,2.28
atuona,-9.8,-139.03,78.15,78,64,19.53
bara,10.37,10.73,71.8,92,98,11.01
iqaluit,63.75,-68.51,48.09,66,75,2.24
abu dhabi,24.47,54.37,95.0,41,93,8.05
barrow,71.29,-156.79,37.4,86,90,16.11
blagoyevo,63.37,47.92,49.62,79,90,8.61
albany,42.6,-73.97,62.11,84,70,2.15
new norfolk,-42.78,147.06,57.61,53,100,7.0
bredasdorp,-34.53,20.04,48.2,81,81,17.22
port macquarie,-31.43,152.92,69.04,36,0,1.99
arraial do cabo,-22.97,-42.03,71.49,87,0,25.64
dikson,73.51,80.55,48.27,83,81,8.21
luderitz,-26.65,15.16,53.37,81,3,5.61
dingle,11.0,122.67,88.05,69,71,8.39
ouesso,1.61,16.05,71.22,88,100,2.21
xuanzhou,30.95,118.76,80.67,76,61,6.29
qaqortoq,60.72,-46.03,59.0,38,100,27.51
saint-pierre,-21.34,55.48,62.49,68,17,9.17
ust-nera,64.57,143.2,50.9,45,56,2.37
ushuaia,-54.8,-68.3,32.0,90,90,33.33
aklavik,68.22,-135.01,57.2,41,20,9.17
warrnambool,-38.38,142.48,66.0,61,0,8.01
limbang,4.75,115.0,80.29,83,75,2.24
marfino,55.7,37.38,56.5,93,75,8.95
hilo,19.73,-155.09,79.21,51,1,10.29
hami,42.8,93.45,73.35,32,0,15.19
hermanus,-34.42,19.23,46.99,88,76,1.01
coihaique,-45.58,-72.07,32.0,94,75,2.24
conde,-7.26,-34.91,73.4,100,65,6.93
rio gallegos,-51.62,-69.22,32.0,85,3,32.21
feicheng,35.26,117.97,83.41,65,0,6.49
victoria,22.29,114.16,88.68,62,26,8.01
taoudenni,22.68,-3.98,93.81,10,0,11.14
guerrero negro,27.98,-114.06,76.5,73,0,10.83
asau,46.43,26.4,55.0,76,38,3.67
hobart,-42.88,147.33,59.09,48,75,12.75
qaanaaq,77.48,-69.36,38.97,88,97,2.06
lebu,-37.62,-73.65,44.96,74,44,17.96
saldanha,-33.01,17.94,50.0,87,71,4.7
champerico,14.3,-91.92,66.67,95,100,1.72
port elizabeth,-33.92,25.57,53.6,76,17,9.17
calbuco,-41.77,-73.13,35.6,93,7,3.36
vila franca do campo,37.72,-25.43,73.4,94,40,13.87
hithadhoo,-0.6,73.08,82.33,70,100,11.56
bengkulu,-3.8,102.27,85.37,63,32,7.85
chokurdakh,70.63,147.92,40.98,81,100,8.16
thompson,55.74,-97.86,55.4,82,75,5.82
mandalgovi,45.76,106.27,63.23,47,91,5.3
necochea,-38.55,-58.74,46.99,95,94,1.99
saint-joseph,-21.37,55.62,61.38,68,25,9.17
amapa,1.0,-52.0,72.1,98,64,2.53
kodiak,57.79,-152.41,62.6,55,1,5.82
grand gaube,-20.01,57.66,69.01,80,2,3.0
horizontina,-27.63,-54.31,66.0,83,22,4.92
yar-sale,66.83,70.83,48.47,87,100,18.92
puerto ayora,-0.74,-90.35,64.99,87,60,8.68
colares,38.8,-9.45,64.35,81,1,24.11
hamilton,39.18,-84.53,73.31,94,40,10.29
khatanga,71.97,102.5,66.2,39,2,7.25
tual,-5.67,132.75,79.77,82,30,21.3
avarua,-21.21,-159.78,77.0,69,0,6.93
vostok,46.49,135.88,55.87,99,100,6.51
cape town,-33.93,18.42,48.52,81,75,5.82
mahebourg,-20.41,57.7,69.8,83,40,9.17
chapais,49.78,-74.85,46.4,87,20,4.7
santa isabel do rio negro,-0.41,-65.02,74.48,96,100,2.17
rudnyy,52.96,63.12,62.6,72,20,8.95
payo,-3.75,103.64,88.84,45,40,5.97
nakamura,32.98,132.93,89.47,57,0,5.77
trincomalee,8.57,81.23,83.66,68,25,16.08
west lorne,42.6,-81.6,69.96,89,97,14.03
hay river,60.82,-115.8,55.4,93,90,14.99
casablanca,33.59,-7.62,70.21,88,75,5.82
maryville,35.76,-83.97,75.88,78,90,14.99
taylorville,39.55,-89.29,75.47,100,1,4.7
upata,8.01,-62.4,81.0,83,32,3.0
jamestown,42.1,-79.24,68.09,93,90,9.17
souillac,-20.52,57.52,69.8,83,40,9.17
tuktoyaktuk,69.45,-133.04,51.8,57,40,12.75
nangong,37.36,115.37,86.31,60,0,5.57
zhanaozen,43.3,52.8,74.48,21,0,11.12
las vegas,36.17,-115.14,98.67,9,1,5.82
lagoa,39.05,-27.98,74.3,94,2,15.86
castro,-24.79,-50.01,57.47,82,0,2.71
fairbanks,64.84,-147.72,58.41,67,75,4.7
benguela,-12.58,13.41,66.47,85,52,2.51
ilulissat,69.22,-51.1,46.4,45,87,12.75
katsuura,35.13,140.3,93.2,63,20,14.99
kaitangata,-46.28,169.85,52.84,63,92,15.75
hervey bay,-25.3,152.85,75.31,43,4,18.34
hobyo,5.35,48.53,75.99,84,82,19.08
ribeira grande,38.52,-28.7,74.68,93,17,10.2
ballina,-28.87,153.57,67.24,55,7,12.75
ofunato,39.07,141.72,93.2,67,75,3.36
hovd,48.01,91.64,56.8,51,58,3.56
butaritari,3.07,172.79,82.42,74,68,12.88
cidreira,-30.18,-50.21,63.97,82,100,11.3
pamekasan,-7.16,113.47,88.18,52,0,9.48
ndago,-4.6,34.35,57.67,79,50,4.12
jonkoping,57.78,14.16,53.35,93,89,5.82
rio cuarto,-33.13,-64.35,57.2,67,2,2.24
noumea,-22.28,166.46,71.6,64,90,14.99
saquarema,-22.92,-42.51,73.4,78,0,8.05
rawson,-43.3,-65.1,41.77,57,46,11.34
basco,20.45,121.97,83.88,81,96,17.56
gejiu,23.31,103.16,69.4,83,100,4.29
pangody,65.85,74.49,61.03,68,67,2.46
lorengau,-2.02,147.27,85.69,72,95,13.27
airai,-8.93,125.41,74.35,45,59,6.93
zalantun,48.0,122.72,58.57,95,100,11.01
east london,-33.02,27.91,59.65,63,0,8.34
agirish,61.92,63.02,55.69,73,100,1.66
geraldton,-28.77,114.6,64.4,59,90,14.99
chota,-6.55,-78.65,54.14,76,13,1.21
road town,18.42,-64.62,82.99,90,27,8.99
severo-kurilsk,50.68,156.12,51.12,88,88,9.42
linhai,28.85,121.12,82.99,69,61,0.87
eaton socon,52.22,-0.29,52.65,91,100,5.01
los llanos de aridane,28.66,-17.92,73.76,78,75,16.11
ardabil,38.25,48.29,44.6,93,20,1.52
mukhen,48.1,136.1,72.79,55,97,8.86
cabo san lucas,22.89,-109.91,75.6,94,75,4.7
mount gambier,-37.83,140.77,66.2,52,0,16.11
roald,62.58,6.13,53.78,76,38,12.75
havre-saint-pierre,50.23,-63.6,53.6,71,75,11.41
barsovo,61.17,73.17,57.2,100,75,8.95
torzhok,57.04,34.96,48.99,97,9,4.76
amuntai,-2.42,115.25,94.8,47,5,0.29
solano,38.23,-121.95,74.41,53,1,20.8
kaeo,-35.1,173.78,61.41,63,2,7.76
abu samrah,35.3,37.18,69.6,77,0,2.82
margate,51.38,1.39,56.86,100,100,22.73
leningradskiy,69.38,178.42,38.07,87,100,8.61
sangar,63.92,127.47,62.46,42,81,6.35
saskylakh,71.92,114.08,65.26,40,0,7.65
aksu,41.12,80.26,73.92,35,42,7.27
namatanai,-3.67,152.43,84.52,66,49,6.06
antalaha,-14.9,50.28,68.2,80,86,6.33
cherskiy,68.75,161.3,49.69,71,100,9.17
biak,-0.91,122.88,82.53,65,53,12.41
oyama,36.3,139.8,96.53,63,40,9.17
qujing,25.48,103.78,73.2,65,90,8.21
san jeronimo,-11.95,-75.28,50.38,65,2,1.86
atar,20.52,-13.05,88.32,39,35,16.33
macherla,16.48,79.43,81.68,76,100,11.61
qui nhon,13.77,109.23,89.33,56,89,3.09
gat,31.61,34.76,73.0,23,0,2.71
luanda,-8.84,13.23,68.16,87,90,6.96
bethel,41.37,-73.41,69.33,83,1,3.36
talnakh,69.49,88.4,51.8,87,85,4.47
walvis bay,-22.96,14.51,45.28,75,3,3.36
nizwa,22.93,57.53,86.09,49,100,2.35
kununurra,-15.77,128.73,89.6,13,0,17.22
klaksvik,62.23,-6.59,46.4,93,76,4.7
carnarvon,-24.87,113.63,69.8,64,75,18.34
tondano,1.3,124.91,89.6,59,40,11.41
yulara,-25.24,130.99,73.4,11,0,8.05
ternate,0.8,127.4,82.4,76,88,9.91
yakeshi,49.28,120.73,51.71,95,100,6.96
vardo,70.37,31.11,49.32,79,73,15.05
beringovskiy,63.05,179.32,50.61,83,100,15.12
orcopampa,-15.27,-72.34,46.99,53,0,3.2
nishihara,26.18,127.76,88.57,74,75,12.75
nabire,-3.37,135.48,81.39,82,94,1.41
tiksi,71.69,128.87,46.44,71,28,10.09
ancud,-41.87,-73.82,33.55,95,4,5.01
zyryanka,65.75,150.85,48.72,65,99,8.52
nanchang,28.68,115.88,86.16,60,2,7.94
banda aceh,5.56,95.32,84.27,70,100,4.36
mosquera,4.71,-74.23,57.2,62,40,5.82
isangel,-19.55,169.27,82.4,69,75,8.05
kharitonovo,61.4,47.5,57.07,88,100,9.15
paamiut,61.99,-49.67,46.89,85,100,5.5
faanui,-16.48,-151.75,76.51,80,18,19.33
jutai,-5.18,-68.9,76.26,83,70,2.64
camargo,27.67,-105.17,82.6,35,53,3.71
esperance,-33.87,121.9,59.0,62,75,23.04
goderich,43.75,-81.72,67.66,86,100,17.09
caravelas,-17.71,-39.25,70.39,91,1,2.86
chernyshevskiy,63.01,112.47,61.27,69,100,6.96
rimbey,52.63,-114.24,61.41,59,75,6.93
ariquemes,-9.91,-63.04,75.83,75,23,3.2
bandar-e lengeh,26.56,54.88,91.4,75,20,6.93
salalah,17.02,54.09,75.2,100,90,3.44
monte patria,-30.69,-70.95,51.75,47,40,0.27
shimoda,34.67,138.95,89.6,75,20,9.17
birjand,32.87,59.22,53.6,28,0,4.7
samarai,-10.62,150.67,78.76,87,97,18.14
pitimbu,-7.47,-34.81,73.4,100,16,6.93
mareeba,-17.0,145.43,70.93,68,50,8.01
buala,-8.14,159.59,85.03,68,29,1.88
puerto narino,-3.77,-70.38,75.2,100,75,2.35
toamasina,-18.17,49.38,64.4,100,75,2.24
kavieng,-2.57,150.8,84.47,72,0,12.01
price,39.6,-110.81,84.2,14,1,11.41
hirara,24.8,125.28,87.8,70,40,9.17
kashi,39.45,75.98,69.8,49,0,4.47
codrington,-38.27,141.97,62.42,66,0,18.37
columbus,39.96,-83.0,70.36,94,75,4.7
manado,1.49,124.85,89.6,59,40,11.41
lloydminster,53.28,-110.0,59.0,72,75,8.05
sao filipe,14.9,-24.5,80.26,81,89,2.42
tierra colorada,17.17,-99.58,82.4,78,90,8.05
harper,4.38,-7.72,75.99,86,98,10.07
okhotsk,59.38,143.3,57.99,52,64,5.03
aswan,24.09,32.91,77.74,28,0,4.12
murgab,37.5,61.97,66.2,39,0,4.7
ketchikan,55.34,-131.65,54.3,100,90,11.41
muros,42.78,-9.06,55.99,94,12,1.01
bucerias,20.75,-105.33,82.4,74,90,5.82
marrakesh,31.63,-8.01,69.8,68,0,8.05
beidao,34.57,105.89,80.58,57,94,16.98
pasni,25.26,63.47,81.0,86,0,11.77
waipawa,-41.41,175.52,58.39,63,8,19.46
nanortalik,60.14,-45.24,49.15,74,85,13.15
fayaoue,-20.65,166.53,72.27,84,71,27.58
batagay,67.63,134.63,62.35,31,7,1.41
batagay-alyta,67.8,130.41,56.68,38,54,4.16
nauta,-4.51,-73.58,73.62,82,95,2.82
areka,7.07,37.7,61.07,88,100,2.86
cayenne,4.93,-52.33,75.2,100,98,7.11
skibbereen,51.55,-9.27,50.0,87,40,13.87
torbay,47.67,-52.73,54.48,87,5,19.46
bathsheba,13.22,-59.52,82.4,74,40,18.34
madras,13.09,80.28,84.2,83,75,6.93
luwuk,-0.95,122.79,84.54,61,43,11.01
kasongo-lunda,-6.47,16.82,72.66,81,9,1.43
kavaratti,10.57,72.64,81.99,76,100,11.01
plettenberg bay,-34.05,23.37,51.49,77,49,7.07
hohhot,40.81,111.65,71.6,64,20,6.71
zaragoza,41.66,-0.88,62.6,63,20,16.11
naze,28.37,129.48,87.8,79,40,10.29
tilichiki,60.47,166.1,51.93,67,99,14.88
provins,48.58,3.17,53.47,93,0,4.7
tura,25.52,90.22,80.58,84,7,5.86
vesyegonsk,58.66,37.26,53.91,96,100,6.62
vila,42.03,-8.16,60.73,93,40,2.24
ponta delgada,37.73,-25.67,73.4,94,40,13.87
costa rica,-23.42,-54.65,66.72,73,0,3.13
narsaq,60.92,-46.05,59.0,38,100,27.51
tasiilaq,65.61,-37.64,42.8,93,100,5.82
hibbing,47.43,-92.94,60.67,77,1,11.41
broken hill,-31.95,141.43,69.8,21,0,13.87
kinkala,-4.36,14.76,69.28,89,49,4.79
hualmay,-11.1,-77.61,60.44,85,40,8.05
tateyama,34.98,139.87,90.5,75,20,9.17
vila do maio,15.13,-23.22,78.8,88,40,5.82
upernavik,72.79,-56.15,39.34,73,0,13.65
concordia,-31.39,-58.02,64.0,91,94,4.0
tessalit,20.2,1.01,85.14,51,58,15.35
stryn,61.9,6.72,50.68,91,46,1.86
carangola,-20.73,-42.03,63.81,89,33,3.11
terrace bay,48.78,-87.1,56.52,93,100,8.37
mayo,38.89,-76.51,74.66,100,40,7.96
bolton,53.58,-2.43,48.42,86,89,5.01
sur,22.57,59.53,86.45,57,98,4.0
semirom,31.42,51.57,56.46,36,0,3.06
carrollton,32.95,-96.89,91.78,44,5,10.29
kutum,14.2,24.67,72.39,76,100,7.05
araouane,18.9,-3.53,86.72,43,100,21.63
calama,-22.47,-68.93,51.8,29,0,3.36
kyrylivka,46.38,35.37,69.53,53,0,5.14
mokobeng,-23.0,27.67,63.09,40,62,4.54
sola,-13.88,167.55,78.82,86,100,14.43
thinadhoo,0.53,72.93,83.17,67,100,12.37
bria,6.54,21.99,68.23,96,100,3.13
tocopilla,-22.09,-70.2,60.12,61,7,5.93
uribia,11.71,-72.27,84.24,65,0,11.83
saint george,37.1,-113.58,93.45,12,1,9.17
san cristobal,7.77,-72.22,66.09,84,38,1.5
baillif,16.02,-61.75,82.4,78,40,3.36
mattru,7.62,-11.83,72.09,98,100,1.86
riyadh,24.69,46.72,80.6,32,59,2.24
pisco,-13.7,-76.22,60.89,87,75,4.7
mahuva,21.09,71.76,80.2,86,100,10.76
taltal,-25.4,-70.48,55.36,68,23,2.75
constitucion,-35.33,-72.42,50.81,89,85,13.65
le vauclin,14.55,-60.84,81.41,74,75,13.87
aginskoye,51.1,114.53,53.22,85,100,6.89
vao,-22.67,167.48,68.61,73,80,19.37
ejura,7.39,-1.36,69.4,94,67,6.76
trinidad,-14.83,-64.9,80.65,40,7,2.28
fort nelson,58.81,-122.7,57.2,71,75,5.82
kudahuvadhoo,2.67,72.89,81.7,75,99,6.31
aripuana,-9.17,-60.63,77.25,79,100,3.62
sidi ali,36.1,0.42,72.07,51,0,11.65
ler,8.3,30.14,71.64,91,75,0.63
nacala,-14.54,40.67,70.29,89,12,4.03
mehamn,71.04,27.85,43.65,72,82,7.05
mackenzie,55.3,-123.17,55.4,62,90,6.93
verkhnyaya inta,65.98,60.31,46.09,84,20,5.21
oda,35.18,132.5,91.4,55,20,5.82
novoorsk,51.38,58.98,69.8,40,96,8.95
okha,53.57,142.95,61.72,62,28,16.13
lasa,46.62,10.7,55.58,100,90,2.24
zolotepec,19.42,-99.49,55.4,82,75,5.82
krymsk,44.93,37.99,61.2,100,40,6.71
muisne,0.6,-80.03,74.23,85,99,6.58
bremerton,47.57,-122.63,66.99,74,0,1.99
vila velha,-20.33,-40.29,68.0,100,40,2.24
fort walton beach,30.41,-86.62,82.2,88,40,3.36
coquimbo,-29.95,-71.34,50.0,81,0,2.24
suileng,47.25,127.08,58.08,94,100,17.27
aquin,18.28,-73.4,81.19,81,3,2.15
tuatapere,-46.13,167.68,52.12,74,87,12.15
chandler,33.31,-111.84,101.77,14,40,6.93
mar del plata,-38.0,-57.56,53.37,93,90,7.11
vytegra,61.01,36.45,52.77,95,100,5.01
tau,59.07,5.9,57.63,72,71,6.93
leshukonskoye,64.9,45.76,47.08,81,100,6.78
newtyle,56.56,-3.14,47.01,76,20,4.7
korla,41.76,86.15,73.99,92,47,1.99
oskarshamn,57.26,16.45,57.0,94,99,1.99
moramanga,-18.93,48.2,52.11,95,30,1.36
serov,59.6,60.58,56.77,81,24,3.8
van buren,35.44,-94.35,82.17,74,1,2.91
cam ranh,11.92,109.16,93.2,63,20,4.7
bull savanna,17.89,-77.59,78.64,84,1,6.11
juneau,58.3,-134.42,53.31,87,90,11.41
charagua,-19.8,-63.22,75.94,33,0,8.97
houston,29.76,-95.36,84.7,79,75,5.82
nhulunbuy,-12.23,136.77,82.4,58,75,19.46
erzin,36.96,36.2,78.01,89,0,1.57
sobolevo,54.43,31.9,47.71,94,89,5.1
brae,60.4,-1.35,48.2,93,50,11.41
husavik,66.04,-17.34,48.2,87,90,4.7
nikolayevsk-na-amure,53.14,140.73,65.98,41,0,9.06
cranbrook,49.5,-115.77,78.8,22,40,11.41
pevek,69.7,170.31,39.6,91,100,1.66
provideniya,64.38,-173.3,51.8,71,90,8.95
port hardy,50.7,-127.42,60.8,63,75,9.17
kirando,-7.42,30.6,73.6,54,18,4.47
bowen,-20.02,148.23,75.2,47,40,26.4
planaltina,-15.45,-47.61,64.4,55,26,1.12
olinda,-8.01,-34.86,78.8,78,40,8.05
hun,29.13,15.95,71.71,72,0,8.46
ukiah,39.15,-123.21,82.17,33,90,3.36
sarangani,5.4,125.46,84.24,72,38,10.6
limon,10.0,-83.03,81.39,73,100,2.37
tamiahua,21.27,-97.45,81.27,87,15,8.16
zhifang,30.35,114.32,86.0,58,0,6.71
osakarovka,50.56,72.57,63.48,52,0,2.77
buchanan,5.88,-10.05,75.2,94,75,10.58
amor,39.8,-8.86,60.89,82,0,9.17
forbes,-33.38,148.02,63.14,50,0,4.12
paracuru,-3.41,-39.03,79.0,77,8,21.0
san quintin,30.48,-115.95,71.78,73,1,11.43
saint anthony,45.02,-93.22,71.47,64,20,19.46
san policarpo,12.18,125.51,81.61,81,100,11.27
nortelandia,-14.45,-56.8,77.45,21,0,3.83
zhigansk,66.77,123.37,62.51,47,92,9.31
kirakira,-10.45,161.92,84.49,64,100,4.54
san patricio,19.22,-104.7,78.76,83,91,7.23
amahai,-3.33,128.92,80.8,80,78,11.32
egvekinot,66.32,-179.17,44.11,70,91,11.56
dunedin,-45.87,170.5,56.03,51,50,14.97
ixtapa,20.7,-105.2,82.4,74,90,5.82
agadez,19.75,10.25,89.17,40,62,12.33
farah,32.5,62.5,66.13,29,0,3.49
hambantota,6.12,81.12,82.4,78,90,4.7
portland,45.52,-122.68,76.08,47,0,8.23
normal,40.51,-88.99,76.96,78,1,6.93
belfast,54.58,-5.93,52.39,76,0,8.05
fukue,32.69,128.84,84.2,83,40,10.29
yamada,39.47,141.95,83.88,78,90,4.85
cedar city,37.68,-113.06,78.8,16,1,6.93
buin,-33.73,-70.75,46.2,81,75,4.7
barwani,22.03,74.9,78.19,87,100,4.5
zaozerne,45.16,33.28,68.79,66,8,8.57
port-gentil,-0.72,8.78,75.02,85,100,13.42
north bend,43.41,-124.22,64.36,82,1,21.92
ostrovnoy,68.05,39.51,45.82,70,79,11.14
pringsewu,-5.36,104.97,88.84,53,9,3.0
opuwo,-18.06,13.84,48.83,55,60,2.26
narasimharajapura,13.62,75.52,74.23,78,100,4.16
urusha,54.05,122.9,63.88,45,100,5.01
henties bay,-22.12,14.28,46.0,82,10,9.98
heihe,50.24,127.49,66.2,63,40,11.18
xichang,27.9,102.26,74.14,68,100,3.74
grindavik,63.84,-22.43,48.2,93,75,8.05
zhangye,38.93,100.45,57.04,72,100,8.81
tarskoye,42.97,44.77,60.8,93,59,4.47
vendychany,48.61,27.79,55.98,69,2,6.42
salcedo,12.81,121.47,87.13,64,100,6.87
synya,65.37,58.04,46.9,81,21,7.9
cao bang,22.67,106.25,88.95,58,53,3.49
tarsus,36.92,34.88,75.25,94,0,2.24
stadtbergen,48.37,10.85,56.26,87,100,9.17
foso,5.7,-1.29,69.82,98,91,3.0
astoria,46.19,-123.83,63.09,77,1,17.22
lafia,8.48,8.52,71.26,97,100,2.62
diu,20.71,70.98,81.23,85,100,11.9
kapit,2.02,112.93,83.82,83,83,1.1
srednekolymsk,67.45,153.68,47.71,70,99,4.68
ugoofaaru,5.67,73.0,83.57,67,0,7.74
nouadhibou,20.93,-17.03,77.0,88,33,9.17
vestmannaeyjar,63.44,-20.27,52.25,86,100,16.02
fortuna,40.6,-124.16,56.66,93,1,10.29
baykit,61.67,96.37,59.43,69,97,3.53
west bay,19.37,-81.42,83.93,84,0,1.01
waingapu,-9.66,120.26,86.23,40,0,20.31
lazaro cardenas,17.96,-102.2,79.41,83,85,6.02
makungu,-8.73,35.28,54.77,90,96,1.97
kyren,51.68,102.14,56.28,75,100,1.61
rocha,-34.48,-54.33,55.92,96,89,4.34
lavrentiya,65.58,-171.0,49.69,78,83,2.04
koumac,-20.57,164.28,72.32,75,100,22.79
comodoro rivadavia,-45.87,-67.5,37.4,47,9,10.29
manicore,-5.81,-61.3,74.05,85,93,1.79
turbat,26.0,63.04,84.81,66,0,2.51
jiwani,25.05,61.74,81.03,84,2,8.63
alyangula,-13.85,136.42,84.2,51,71,17.22
lugoba,-6.45,38.33,70.95,84,100,1.61
poum,-20.23,164.02,71.73,82,80,25.81
aguilas,37.41,-1.58,73.26,40,0,10.0
lang son,21.83,106.73,89.33,54,86,2.01
mbanza-ngungu,-5.25,14.87,68.45,88,76,7.72
qeshm,26.96,56.27,87.8,74,75,4.7
evensk,61.95,159.23,54.54,65,77,15.84
port jervis,41.38,-74.69,69.06,94,40,4.23
kautokeino,69.01,23.04,38.98,77,56,5.93
hirado,33.36,129.55,91.04,66,20,5.82
bonavista,48.65,-53.11,55.0,83,88,11.01
aleksandrov gay,50.15,48.57,69.33,63,93,5.39
wynyard,-41.0,145.72,55.85,70,99,11.54
taclobo,12.31,122.59,84.74,76,100,14.76
gorontalo,0.54,123.06,87.51,53,63,9.6
yarkovo,57.4,67.08,64.04,87,78,3.2
almaznyy,48.04,40.05,53.6,93,0,6.71
shiringushi,53.85,42.77,55.44,96,55,6.44
howard springs,-12.5,131.05,88.32,25,88,16.11
salinas,36.68,-121.66,58.66,82,90,11.41
rovaniemi,66.5,25.72,44.6,87,54,5.82
yertsevo,60.8,40.09,54.48,99,100,3.31
port augusta,-32.5,137.77,74.3,23,0,23.04
suntar,62.14,117.63,61.41,50,100,5.97
urubicha,-15.38,-62.95,82.49,39,16,3.56
yenagoa,4.92,6.26,73.63,92,100,3.87
padang,-0.95,100.35,84.76,63,98,2.19
deyang,31.13,104.38,82.99,99,90,5.26
landerneau,48.45,-4.25,55.92,93,75,10.29
quila,24.42,-107.22,83.57,66,75,14.99
pangoa,-12.12,-73.0,70.34,71,0,3.04
lompoc,34.64,-120.46,58.64,82,1,9.17
braganca,-1.05,-46.77,75.0,94,79,2.84
tomatlan,19.93,-105.25,75.22,93,100,1.9
palaikastron,35.2,26.25,73.99,54,0,7.0
viedma,-40.81,-63.0,46.0,67,100,8.01
pemangkat,1.17,108.97,81.36,77,94,4.18
shahreza,32.03,51.88,62.6,28,0,0.49
ovsyanka,55.96,92.55,62.6,72,52,4.47
wuwei,37.93,102.64,55.63,74,100,15.66
shasta lake,40.68,-122.37,90.41,40,0,4.38
babstovo,48.12,132.48,61.7,69,100,17.94
kruisfontein,-34.0,24.73,47.25,93,70,5.35
poya,-21.35,165.15,71.38,72,95,13.49
dorado,18.46,-66.27,81.93,74,40,11.41
abu zabad,12.35,29.25,74.59,80,99,5.99
koungheul,13.98,-14.8,77.61,88,95,7.05
osorno,-40.57,-73.15,41.0,80,0,3.36
sabang,5.89,95.32,84.11,69,100,4.81
watsonville,36.91,-121.76,56.84,93,90,5.82
karratha,-20.74,116.85,95.0,15,0,11.03
qasigiannguit,68.82,-51.19,46.4,45,73,12.75
panguipulli,-39.63,-72.33,30.99,73,61,2.15
ormara,25.21,64.64,81.63,87,49,13.11
matagami,49.75,-77.63,55.4,82,90,4.32
high level,58.52,-117.14,57.2,93,75,3.29
nador,35.17,-2.93,78.96,54,0,13.87
aden,12.78,45.04,86.27,71,33,4.54
nenjiang,49.18,125.22,65.97,64,88,18.92
muroto,33.28,134.15,87.8,62,40,6.93
snezhnogorsk,69.19,33.25,42.8,93,60,4.47
chalmette,29.94,-89.96,80.8,78,40,3.36
charters towers,-20.1,146.27,77.02,35,0,17.98
baie-comeau,49.22,-68.15,53.6,62,1,5.82
puri,19.8,85.85,84.2,89,40,10.29
bereda,43.27,-7.54,55.0,100,79,1.99
gondanglegi,-7.75,112.01,88.72,52,0,14.52
surt,31.21,16.59,74.41,84,0,10.18
haines junction,60.75,-137.51,46.96,84,100,2.55
haicheng,40.85,122.75,77.09,75,8,6.69
kibre mengist,5.88,38.98,58.96,81,85,3.96
norrtalje,59.76,18.7,53.76,79,8,7.0
jibuti,11.5,42.5,93.2,41,20,6.93
shingu,33.73,135.98,87.8,74,40,4.7
selfoss,63.93,-21.0,48.0,91,91,5.99
north platte,41.12,-100.77,70.0,56,1,13.87
altos,-5.04,-42.46,80.6,51,94,4.7
taitung,22.76,121.14,89.6,66,40,5.82
edd,13.93,41.69,90.79,50,73,3.62
ridgecrest,35.62,-117.67,89.08,12,0,12.82
broome,42.25,-75.83,66.56,82,75,5.82
suffolk,40.87,-72.8,73.54,88,1,4.7
burns lake,54.23,-125.75,51.21,49,22,6.42
anapskaya,44.89,37.38,62.6,100,40,6.71
male,4.17,73.51,82.4,83,75,9.17
dalvik,65.97,-18.53,46.4,93,90,1.12
kailua,21.4,-157.74,81.97,65,20,11.41
tynda,55.17,124.72,59.5,53,100,4.99
klyuchi,52.27,79.17,65.77,54,6,1.88
kyra,49.58,111.98,54.77,86,100,2.62
rosario,-32.95,-60.64,65.86,77,75,6.93
camana,-16.62,-72.71,60.57,82,82,10.22
neiafu,-18.65,-173.98,80.6,61,40,13.87
deputatskiy,69.3,139.9,46.96,59,34,7.45
the valley,18.22,-63.06,83.39,79,40,11.41
kem,64.96,34.58,48.07,84,30,3.24
kachiry,53.07,76.1,68.68,47,1,7.81
ouadda,8.08,22.4,66.88,94,100,2.46
bay roberts,47.6,-53.26,54.0,100,0,3.0
otautau,-46.15,168.0,52.61,66,74,13.0
adrar,20.5,-10.07,90.72,38,16,25.64
kikwit,-5.04,18.82,74.21,73,33,2.17
sosnovo-ozerskoye,52.52,111.54,48.97,93,100,8.93
ratnagiri,16.98,73.3,80.76,81,100,4.79
hailey,43.52,-114.32,65.41,40,5,1.3
port lincoln,-34.73,135.87,68.05,43,0,23.33
jurm,36.86,70.83,66.33,39,0,0.74
maloy,61.94,5.11,54.99,87,2,2.24
touros,-5.2,-35.46,75.2,94,20,5.82
pichayevo,53.24,42.2,55.54,95,0,6.4
bundaberg,-24.85,152.35,74.79,43,11,18.34
moussoro,13.64,16.49,78.62,78,77,11.25
kirkkonummi,60.12,24.44,45.97,92,0,3.51
port blair,11.67,92.75,85.75,66,96,7.74
jalu,29.03,21.55,76.48,58,0,7.65
